{
  "slides": [
    {
      "time": 0,
      "url": "https://perso.telecom-paris.fr/dufourd/cours/outils/ue_outils_git_aide.htm"
    },
    {
      "time": 2,
      "url": "https://perso.telecom-paris.fr/dufourd/cours/inf203/js.html#/functions"
    },
    {
      "time": 4,
      "url": "https://perso.telecom-paris.fr/dufourd/cours/ssh/"
    },
    {
      "time": 6,
      "url": "https://perso.telecom-paris.fr/dufourd/cours/inf203/svg.html#/svg-path"
    },
    {
      "time": 8,
      "url": "https://perso.telecom-paris.fr/dufourd/cours/inf203/internet.html#/pause-wake-up"
    },
    {
      "time": 10,
      "url": ""
    }
  ]
}